PurchasingDocument,Item,NewDeliveryDate,HeaderNote
4503657818,10,2026-06-18,>>> ERIC SMITH <<< PO Header Notes Update (Dhani #2)
4503657819,10,,>>> ERIC SMITH <<< PO Header Notes Update (Dhani #3)
4503657819,10,2026-06-18,
4503657820,10,2026-06-19,>>> ERIC SMITH <<< PO Header Notes Update (Dhani #4)
6503657819,10,2026-06-18,>>> ERIC SMITH <<< PO Header Notes Update (Dhani #3)
4503657821,10,2026-06-20,>>> ERIC SMITH <<< PO Header Notes Update (Dhani #5)
7603657820,10,2026-06-18,>>> ERIC SMITH <<< PO Header Notes Update (Dhani #6)
4503657822,10,2026-06-21,>>> ERIC SMITH <<< PO Header Notes Update (Dhani #7)
8603657820,10,2026-06-18,>>> ERIC SMITH <<< PO Header Notes Update (Dhani #8)
9603657820,10,2026-06-18,>>> ERIC SMITH <<< PO Header Notes Update (Dhani #9)
9603657821,10,2026-06-18,>>> ERIC SMITH <<< PO Header Notes Update (Dhani #9)
